{
  "profit_total": 0.00170374471,
  "profit_total_abs": 1.70374471,
  "profit_factor": 2.769848792479451,
  "trades": 10,
  "profit_mean_pct": 0.003419036024602095,
  "winrate": 0.5,
  "max_drawdown_abs": 0.6447603,
  "holding_avg": "1:42:00",
  "wins": 5,
  "losses": 5
}